City_ID,City,Lat,Lng,Max Temp,Humidity,Cloudiness,Wind Speed,Country,Date
0,mejit,10.2753,170.8646,27.58,81,100,7.88,MH,1715420985
1,aldama,22.9167,-98.0667,25.76,90,41,1.39,MX,1715420985
2,badger,64.8,-147.5333,6.15,52,0,3.09,US,1715420986
3,kitimat,54.0524,-128.6534,11.21,70,97,0.56,CA,1715420987
4,albany,42.6001,-73.9662,9.4,94,100,1.13,US,1715420988
5,college,64.8569,-147.8028,6.2,49,75,3.09,US,1715420984
6,portrush,55.1959,-6.6493,19.93,72,14,4.82,GB,1715420990
7,blackmans bay,-43.0167,147.3167,9.74,93,34,0.45,AU,1715420991
8,vilyuchinsk,52.9306,158.4028,3.15,82,100,1.65,RU,1715420991
9,bredasdorp,-34.5322,20.0403,18.13,45,5,4.1,ZA,1715420992
10,susuman,62.7833,148.1667,3.32,73,100,1.34,RU,1715420993
11,page,36.9147,-111.4558,14.88,38,0,3.09,US,1715420994
12,fuglafjordur,62.244,-6.814,10.26,95,100,4.38,FO,1715420995
13,thompson,55.7435,-97.8558,7.09,65,75,2.06,CA,1715420995
14,mandalgovi,45.7625,106.2708,17.81,12,12,5.72,MN,1715420996
15,maracacume,-2.0428,-45.9592,24.25,96,100,0.77,BR,1715420997
16,grytviken,-54.2811,-36.5092,-3.24,83,54,4.88,GS,1715420999
17,port-aux-francais,-49.35,70.2167,5.14,76,85,11.84,TF,1715420999
18,papatowai,-46.5619,169.4708,8.95,91,66,4.12,NZ,1715421000
19,uturoa,-16.7333,-151.4333,27.67,79,14,3.93,PF,1715421001
20,bilibino,68.0546,166.4372,0.06,77,100,1.3,RU,1715421002
21,adamstown,-25.066,-130.1015,21.73,78,99,4.81,PN,1715421004
22,ribeira grande,38.5167,-28.7,18.22,100,75,3.6,PT,1715421005
23,lisala,2.15,21.5167,35.41,36,83,2.22,CD,1715421005
24,angaur state,6.906,134.13,29.27,78,23,7.28,PW,1715421006
25,san julian,21.0167,-102.1667,19.48,28,13,1.67,MX,1715421007
26,tura,25.5198,90.2201,30.87,47,73,1.42,IN,1715421008
27,keflavik,64.0049,-22.5624,9.95,93,100,8.75,IS,1715421009
28,olonkinbyen,70.9221,-8.7187,-2.36,76,62,4.08,SJ,1715421010
29,port saint john's,-31.6229,29.5448,21.15,58,16,5.25,ZA,1715421011
30,iqaluit,63.7506,-68.5145,-0.15,86,100,4.63,CA,1715421012
31,afua,-0.1567,-50.3867,24.63,96,97,1.05,BR,1715421013
32,valdivia,-39.8142,-73.2459,7.05,99,99,0.99,CL,1715421014
33,huanren,41.2647,125.3667,14.25,48,9,3.18,CN,1715421015
34,praia da vitoria,38.7333,-27.0667,20.42,77,40,2.53,PT,1715421015
35,yellowknife,62.456,-114.3525,3.29,96,100,8.75,CA,1715421016
36,borogontsy,62.6683,131.1683,3.63,46,98,1.81,RU,1715421017
37,edinburgh of the seven seas,-37.0676,-12.3116,16.96,92,100,13.2,SH,1715421018
38,hasaki,35.7333,140.8333,21.27,68,9,9.73,JP,1715421019
39,bethel,41.3712,-73.414,7.05,89,100,1.54,US,1715421020
40,anadyr,64.75,177.4833,-1.72,86,100,1.0,RU,1715421021
41,kencong,-8.2833,113.3667,26.16,89,100,2.24,ID,1715421021
42,tosontsengel,48.7567,98.2839,21.48,15,82,4.04,MN,1715421022
43,ribeira brava,32.65,-17.0667,23.89,74,8,2.18,PT,1715421024
44,hermanus,-34.4187,19.2345,18.22,56,33,2.36,ZA,1715421025
45,east london,-33.0153,27.9116,21.52,40,0,7.2,ZA,1715421026
46,severo-yeniseyskiy,60.3725,93.0408,5.88,98,100,3.58,RU,1715421027
47,port lincoln,-34.7333,135.8667,14.5,85,100,3.1,AU,1715421028
48,arvayheer,46.2639,102.775,19.95,9,5,4.03,MN,1715421029
49,kristiansund,63.1115,7.732,10.03,87,75,2.06,NO,1715421030
50,nobres,-14.7203,-56.3275,19.51,70,65,1.98,BR,1715421031
51,avarua,-21.2078,-159.775,25.03,78,75,1.03,CK,1715421032
52,port elizabeth,-33.918,25.5701,21.17,50,20,9.26,ZA,1715421033
53,richards bay,-28.783,32.0377,23.67,74,99,7.12,ZA,1715421033
54,tiksi,71.6872,128.8694,-2.46,95,100,3.16,RU,1715421034
55,mana,5.6592,-53.7767,25.4,92,91,3.0,GF,1715421035
56,ilulissat,69.2167,-51.1,-2.99,68,20,0.0,GL,1715421037
57,margaret river,-33.95,115.0667,16.06,63,0,2.04,AU,1715420946
58,puerto natales,-51.7236,-72.4875,-1.92,93,29,2.08,CL,1715421039
59,naracoorte,-36.9579,140.7383,13.4,72,47,1.66,AU,1715421040
60,ushuaia,-54.8,-68.3,3.81,70,0,8.23,AR,1715421041
61,selfoss,63.9331,-20.9971,10.02,84,99,5.19,IS,1715421042
62,cabo san lucas,22.8909,-109.9124,25.28,47,41,0.89,MX,1715420880
63,kolosovka,56.4678,73.611,13.27,34,100,7.72,RU,1715421043
64,grand falls-windsor,48.9332,-55.6649,0.28,90,100,2.91,CA,1715421044
65,carnarvon,-24.8667,113.6333,26.41,47,83,5.8,AU,1715421045
66,labytnangi,66.6572,66.4183,-2.57,89,49,1.24,RU,1715421046
67,zahedan,29.4963,60.8629,27.95,20,0,4.12,IR,1715421047
68,carbonear,47.7332,-53.2148,1.9,94,100,5.06,CA,1715421048
69,okhotsk,59.3833,143.3,-0.06,95,100,2.3,RU,1715421049
70,lagoa,39.05,-27.9833,17.0,92,90,6.11,PT,1715421049
71,georgetown,5.4112,100.3354,32.96,74,20,2.06,MY,1715421050
72,san patricio,28.017,-97.5169,27.92,85,68,4.69,US,1715421051
73,lee acres,35.1487,-106.647,14.9,66,20,16.99,US,1715421052
74,atafu village,-8.5421,-172.5159,29.55,74,70,4.57,TK,1715421053
75,pemangkat,1.1667,108.9667,25.49,93,100,5.15,ID,1715421011
76,ephrata,40.1798,-76.1788,8.62,83,100,0.9,US,1715421054
77,saipan,15.1355,145.701,28.39,78,40,5.14,MP,1715421055
78,egersund,58.4513,5.9997,17.83,76,57,2.64,NO,1715421057
79,puerto ayora,-0.7393,-90.3518,22.53,97,99,2.08,EC,1715421057
80,lihue,21.9789,-159.3672,22.58,78,75,3.09,US,1715421058
81,west island,-12.1568,96.8225,28.99,84,40,6.17,CC,1715421059
82,sal rei,16.1833,-22.9167,25.11,73,40,7.2,CV,1715421060
83,nadi,-17.8,177.4167,22.0,73,20,4.63,FJ,1715420784
84,domna,51.8971,113.1573,15.09,12,86,8.0,RU,1715421061
85,tofol,5.3248,163.0078,27.84,76,100,0.46,FM,1715421062
86,mugia,43.1041,-9.2179,16.15,82,1,3.46,ES,1715421063
87,ust-nera,64.5667,143.2,1.8,88,100,1.73,RU,1715421064
88,bonthe,7.5264,-12.505,30.78,69,39,2.17,SL,1715421065
89,yelizovo,53.1873,158.3805,3.08,74,75,5.0,RU,1715421065
90,vilyuysk,63.7553,121.6247,2.22,47,100,1.79,RU,1715421066
91,lompoc,34.6391,-120.4579,12.1,96,100,1.54,US,1715421067
92,arraial do cabo,-22.9661,-42.0278,21.92,88,100,1.03,BR,1715421068
93,yoloten,37.2989,62.3597,24.42,27,0,2.77,TM,1715421069
94,mil'kovo,55.6078,37.7956,11.11,41,86,5.48,RU,1715421070
95,puerto princesa,9.7392,118.7353,33.99,59,20,4.12,PH,1715421070
96,waitangi,-43.9535,-176.5597,9.9,85,100,5.36,NZ,1715421071
97,caala,-12.8525,15.5606,24.55,29,4,2.57,AO,1715421072
98,fuling,29.7022,107.3919,19.25,95,100,2.0,CN,1715421073
99,divnogorsk,55.9594,92.3619,24.27,67,100,4.14,RU,1715421074
100,fernie,49.5,-115.0687,9.11,79,88,0.82,CA,1715420851
101,san antonio de pale,-1.4014,5.6325,26.65,88,74,5.29,GQ,1715421075
102,saint-louis,16.3333,-15.0,28.8,12,60,4.78,SN,1715421076
103,candelaria,13.9311,121.4233,28.28,73,86,2.41,PH,1715421077
104,katsuura,35.1333,140.3,19.26,72,10,8.5,JP,1715421078
105,nemuro,43.3236,145.575,6.1,92,93,4.6,JP,1715421078
106,aykhal,66.0,111.5,-3.81,76,100,3.63,RU,1715421079
107,oum hadjer,13.2954,19.6966,40.98,8,8,2.18,TD,1715421080
108,linxia chengguanzhen,35.6003,103.2064,18.92,29,83,1.04,CN,1715421081
109,khash,28.2211,61.2158,28.25,16,0,6.11,IR,1715421082
110,berbera,10.4396,45.0143,32.98,65,75,6.2,SO,1715421083
111,port said,31.2565,32.2841,24.99,57,0,5.14,EG,1715421083
112,coquimbo,-29.9533,-71.3436,9.85,81,0,2.57,CL,1715421084
113,jiquilisco,13.3167,-88.5833,26.74,85,99,1.39,SV,1715421085
114,aqadyr,48.2553,72.8483,17.55,29,60,4.78,KZ,1715421086
115,chibougamau,49.9168,-74.3659,4.79,87,100,1.54,CA,1715421087
116,tsiombe,-25.3,45.4833,31.75,28,0,2.73,MG,1715421087
117,kone,-21.0595,164.8658,19.59,78,73,2.51,NC,1715421088
118,polygyros,40.3744,23.4383,19.96,53,85,2.64,GR,1715421089
119,polyarnyy,69.1989,33.4478,0.41,92,100,5.61,RU,1715421090
120,souillac,-20.5167,57.5167,26.21,73,75,5.66,MU,1715421091
121,qaqortoq,60.7167,-46.0333,0.84,92,92,1.04,GL,1715421091
122,fale old settlement,-9.3852,-171.2468,29.24,74,14,3.64,TK,1715421092
123,sitka,57.0531,-135.33,6.94,76,75,0.0,US,1715421049
124,fisterra,42.9049,-9.2629,15.58,86,0,5.66,ES,1715421094
125,longyearbyen,78.2186,15.6401,1.91,64,40,10.29,SJ,1715421095
126,kratie,12.4881,106.0188,33.99,49,58,4.7,KH,1715421096
127,bangjun,39.9911,117.2628,23.35,22,0,5.14,CN,1715421096
128,prince rupert,54.3161,-130.3201,8.05,96,100,1.54,CA,1715421097
129,utrik,11.2278,169.8474,27.33,83,100,7.06,MH,1715421098
130,villa gesell,-37.2639,-56.973,8.36,69,100,6.6,AR,1715421099
131,port blair,11.6667,92.75,33.02,66,40,5.14,IN,1715421100
132,vorkuta,67.5,64.0,-1.61,86,42,3.13,RU,1715421100
133,cadale,2.7603,46.3222,30.48,69,91,8.24,SO,1715421101
134,st. john's,47.5649,-52.7093,1.65,96,100,4.47,CA,1715421102
135,quesnel,52.9999,-122.5029,10.28,53,0,0.0,CA,1715421103
136,teays valley,38.4501,-81.9293,9.23,97,91,2.16,US,1715421104
137,namibe,-15.1961,12.1522,25.96,66,0,3.1,AO,1715421104
138,maesteg,51.6093,-3.6582,19.01,65,100,4.95,GB,1715421105
139,passau,48.5712,13.449,22.26,64,91,0.89,DE,1715421106
140,santana,-0.0583,-51.1817,27.1,94,40,1.03,BR,1715421107
141,at taj,24.2049,23.2857,30.5,15,1,5.76,LY,1715421108
142,tucuma,-0.1833,-50.05,25.14,94,96,1.24,BR,1715421108
143,kodiak,57.79,-152.4072,3.73,93,100,3.09,US,1715421109
144,cockburn town,21.4612,-71.1419,26.45,79,59,5.7,TC,1715421110
145,igarka,67.4667,86.5833,-0.55,99,100,5.81,RU,1715421111
146,hawaiian paradise park,19.5933,-154.9731,21.69,98,40,0.0,US,1715421112
147,klyuchi,52.2667,79.1667,17.27,31,100,6.23,RU,1715421113
148,invercargill,-46.4,168.35,9.45,97,66,2.24,NZ,1715421113
149,port mathurin,-19.6833,63.4167,25.43,80,77,11.09,MU,1715421114
150,horn,51.8715,8.9451,21.52,67,100,1.99,DE,1715421116
151,buchanan,5.8808,-10.0467,30.01,71,70,2.09,LR,1715421117
152,nantucket,41.2835,-70.0995,8.08,88,100,6.17,US,1715421118
153,jamestown,42.097,-79.2353,4.77,100,100,2.06,US,1715420964
154,timbuktu,16.7735,-3.0074,39.65,5,6,6.42,ML,1715421119
155,crockett,31.3182,-95.4566,19.99,88,100,0.0,US,1715421120
156,papao,-17.75,-149.55,24.82,80,4,4.61,PF,1715421121
157,tolanaro,-25.0319,46.9987,28.04,61,20,4.12,MG,1715421122
158,port-vila,-17.7338,168.3219,22.78,88,20,2.57,VU,1715421122
159,taltal,-25.4,-70.4833,14.6,83,100,1.73,CL,1715421123
160,xinqing,48.2333,129.5,7.94,93,100,3.04,CN,1715421124
161,lebu,-37.6167,-73.65,8.62,86,89,3.1,CL,1715421125
162,ploudalmezeau,48.5333,-4.65,23.21,49,0,3.09,FR,1715421126
163,kuching,1.55,110.3333,26.72,89,40,2.06,MY,1715421127
164,colonia,50.9333,6.95,23.58,49,0,1.54,DE,1715421127
165,narasannapeta,18.4167,84.05,33.06,60,0,8.07,IN,1715421129
166,kaa-khem,51.6833,94.7333,24.11,23,93,1.72,RU,1715421130
167,axim,4.8699,-2.2405,30.54,68,97,3.07,GH,1715421131
168,anqing,30.5092,117.0506,21.62,93,100,2.58,CN,1715421132
169,gazojak,41.1875,61.4036,26.32,19,0,1.81,TM,1715421133
170,kapoeta,4.7717,33.5903,35.5,31,37,8.01,SS,1715421134
171,talant,47.3369,5.0089,21.19,64,0,2.06,FR,1715421135
172,whitehorse,60.7161,-135.0538,2.43,59,20,5.14,CA,1715421135
173,korla,41.7597,86.1469,32.48,6,0,1.85,CN,1715421136
174,okha,53.5739,142.9478,3.47,70,7,6.26,RU,1715421137
175,bay roberts,47.5999,-53.2648,1.85,96,100,0.89,CA,1715421138
176,ancud,-41.8697,-73.8203,6.77,86,98,4.12,CL,1715421140
177,aasiaat,68.7098,-52.8699,-8.44,90,96,2.8,GL,1715421140
178,port alfred,-33.5906,26.891,20.1,56,24,2.24,ZA,1715421141
179,isafjordur,66.0755,-23.124,6.02,87,75,1.03,IS,1715421142
180,hithadhoo,-0.6,73.0833,29.63,76,62,4.51,MV,1715421143
181,khouribga,32.9333,-6.6,25.43,32,95,2.96,MA,1715421144
182,labinsk,44.6342,40.7356,18.86,58,100,2.01,RU,1715421145
183,tual,-5.6667,132.75,28.42,81,100,8.19,ID,1715421145
184,punta arenas,-53.15,-70.9167,3.06,87,0,8.23,CL,1715421146
185,talnakh,69.4865,88.3972,0.16,94,100,1.47,RU,1715421148
186,rehoboth,-23.3167,17.0833,26.68,24,4,3.35,NA,1715421149
187,hamilton,39.1834,-84.5333,12.81,85,20,3.09,US,1715421150
188,vorgashor,67.5833,63.95,-1.78,86,48,3.0,RU,1715421150
189,la punta,-33.1837,-66.3127,6.04,77,26,5.9,AR,1715421151
190,awjilah,29.1081,21.2869,24.12,36,1,3.13,LY,1715421152
191,sinabang,2.4803,96.3801,27.62,86,95,3.5,ID,1715421153
192,la couronne,45.6113,0.0995,25.31,43,0,2.57,FR,1715421154
193,afaahiti,-17.75,-149.2833,23.93,84,15,6.56,PF,1715421155
194,petropavlovsk-kamchatsky,53.0452,158.6483,2.33,95,75,5.0,RU,1715421156
195,kingston,17.997,-76.7936,27.53,83,20,1.54,JM,1715421145
196,enewetak,11.3474,162.3373,27.51,76,100,7.17,MH,1715421157
197,chardara,41.2547,67.9692,20.81,43,23,0.57,KZ,1715421158
198,bir el djir,35.72,-0.545,22.47,56,75,4.63,DZ,1715421159
199,filadelfia,39.9523,-75.1638,8.42,94,40,4.12,US,1715421160
200,dauphin,51.1494,-100.0502,16.08,33,20,8.23,CA,1715421161
201,nar'yan-mar,67.6713,53.087,-0.18,96,100,3.98,RU,1715421161
202,east end,34.5507,-92.341,14.78,94,34,1.46,US,1715421162
203,nabire,-3.3667,135.4833,26.48,86,84,0.73,ID,1715421163
204,vredendal,-31.6683,18.5012,19.14,44,0,2.96,ZA,1715421164
205,dhromolaxia,34.8755,33.5868,27.58,60,20,11.62,CY,1715421165
206,whitby,54.4877,-0.615,18.82,70,29,4.66,GB,1715421166
207,pudozh,61.8099,36.5345,2.19,76,100,5.36,RU,1715421167
208,lerwick,60.1545,-1.1494,13.0,82,100,2.91,GB,1715421168
209,usogorsk,63.4106,48.6872,0.93,87,100,3.96,RU,1715421169
210,toba,34.4833,136.85,19.0,77,53,5.97,JP,1715421170
211,minas de marcona,-15.2119,-75.1103,13.03,92,94,7.44,PE,1715421171
212,palmer,42.1584,-72.3287,7.34,83,100,0.0,US,1715421172
213,pangody,65.85,74.4859,0.24,100,91,4.3,RU,1715421173
214,kruisfontein,-34.0033,24.7314,19.94,44,1,7.11,ZA,1715421174
215,qingzhou,36.6967,118.4797,26.26,18,63,4.01,CN,1715421175
216,beloyarskiy,63.7119,66.6722,4.44,80,83,3.13,RU,1715421176
217,mount isa,-20.7333,139.5,23.87,57,37,4.63,AU,1715421177
218,al khawr,25.7667,51.3167,36.6,12,39,8.63,QA,1715421177
219,livny,52.4253,37.6069,11.31,63,76,6.44,RU,1715421178
220,bikenibeu village,1.3673,173.1241,28.98,79,75,3.09,KI,1715421179
221,pisco,-13.7,-76.2167,18.03,88,0,4.63,PE,1715421180
222,heunghae,36.1125,129.3522,20.04,71,100,5.63,KR,1715421181
223,gemena,3.25,19.7667,36.12,35,45,1.85,CD,1715421182
224,harwich,51.9419,1.2844,18.49,84,100,5.04,GB,1715421183
225,aldinga beach,-35.2793,138.4604,16.35,87,34,3.04,AU,1715421103
226,labrador city,52.9463,-66.9114,3.99,53,0,2.57,CA,1715421184
227,notodden,59.5594,9.2585,18.33,44,75,1.73,NO,1715421185
228,deir ez-zor,35.3359,40.1408,33.0,14,100,7.39,SY,1715421187
229,boa vista,2.8197,-60.6733,23.99,94,75,1.54,BR,1715421188
230,aral,40.5156,81.2636,32.09,6,39,5.37,CN,1715421189
231,happy valley-goose bay,53.3168,-60.3315,-2.83,93,0,1.54,CA,1715421189
232,uliastay,47.7417,96.8444,21.61,12,34,3.0,MN,1715421190
233,kapa'a,22.0752,-159.319,22.99,84,75,3.09,US,1715421191
234,fort st. john,56.2499,-120.8529,8.94,31,100,4.63,CA,1715421192
235,san onofre,9.7359,-75.5263,24.48,96,91,4.71,CO,1715421193
236,manokwari,-0.8667,134.0833,26.58,86,98,3.77,ID,1715421193
237,cromer,52.9312,1.2989,19.35,87,99,4.64,GB,1715421194
238,nyuzen,36.9333,137.5,23.96,62,66,3.42,JP,1715421195
239,jalalabad,34.4265,70.4515,29.1,46,44,4.21,AF,1715421196
240,yarmouth,41.7057,-70.2286,8.08,85,75,7.15,US,1715421197
241,udachny,66.4167,112.4,-3.64,62,100,2.64,RU,1715421198
242,huarmey,-10.0681,-78.1522,18.58,92,87,4.15,PE,1715421198
243,greymouth,-42.4667,171.2,6.77,90,34,2.4,NZ,1715420960
244,riberalta,-10.9833,-66.1,22.73,75,64,1.13,BO,1715421200
245,noosa heads,-26.3833,153.15,19.5,77,87,0.46,AU,1715421202
246,tselinnoye,53.0833,85.6667,14.62,83,100,1.53,RU,1715421203
247,singarayakonda,15.25,80.0333,33.67,56,5,6.47,IN,1715421203
248,plastun,44.7561,136.2939,5.18,97,100,1.88,RU,1715421204
249,luderitz,-26.6481,15.1594,22.53,43,0,8.46,NA,1715421206
250,la'ie,21.6477,-157.9253,23.98,87,7,1.79,US,1715421207
251,mili,6.0815,171.735,26.07,91,100,7.46,MH,1715421208
252,new norfolk,-42.7826,147.0587,10.4,95,50,0.08,AU,1715421208
253,tsumeb,-19.2333,17.7167,28.46,14,0,3.92,NA,1715421209
254,kasongo-lunda,-6.4667,16.8167,33.6,40,90,1.08,CD,1715421210
255,urengoy,65.9667,78.3667,0.61,100,95,4.92,RU,1715421211
256,shiguai,40.7058,110.2856,16.33,14,75,8.52,CN,1715421212
257,ullal,12.8,74.85,34.53,59,20,6.17,IN,1715421213
258,takoradi,4.8845,-1.7554,30.49,69,33,3.46,GH,1715421214
259,podporozh'ye,60.9112,34.1706,3.08,80,100,4.28,RU,1715421214
260,villa carlos paz,-31.4241,-64.4978,5.77,73,99,1.19,AR,1715421215
261,san jose del cabo,23.0589,-109.6977,25.27,40,29,0.48,MX,1715421216
262,cuatro cienegas de carranza,26.9833,-102.0833,22.49,92,66,2.96,MX,1715421217
263,vernon,50.2581,-119.2691,13.74,56,48,1.54,CA,1715421218
264,pilona,43.35,-5.3667,19.69,62,89,2.31,ES,1715421218
265,zaragoza,41.6561,-0.8773,27.23,32,0,4.12,ES,1715421219
266,vila franca do campo,37.7167,-25.4333,18.27,99,55,2.48,PT,1715421220
267,queenstown,-31.8976,26.8753,18.78,36,6,1.14,ZA,1715421221
268,churapcha,62.0025,132.4325,4.94,38,78,2.11,RU,1715421222
269,kuqa,41.7278,82.9364,30.68,9,0,1.7,CN,1715421223
270,alice springs,-23.7,133.8833,15.75,55,0,3.09,AU,1715420993
271,fort bragg,35.139,-79.006,13.91,76,0,2.06,US,1715421224
272,haiku-pauwela,20.9219,-156.3051,22.25,88,40,0.0,US,1715421225
273,mansehra,34.3333,73.2,29.37,35,0,3.33,PK,1715421226
274,yanchep,-31.55,115.6833,22.07,85,0,3.18,AU,1715421227
275,brookings,44.3114,-96.7984,10.62,75,0,0.0,US,1715421228
276,jilikul,37.4917,68.5311,20.25,59,89,2.75,TJ,1715421229
277,mossel bay,-34.1831,22.146,18.96,58,4,4.53,ZA,1715421229
278,cannonvale,-20.2833,148.7,22.66,79,0,5.51,AU,1715421230
279,saint-leu,-21.15,55.2833,28.48,70,1,4.33,RE,1715421231
280,paracuru,-3.41,-39.0306,26.73,92,97,3.38,BR,1715421232
281,novodvinsk,64.4165,40.8122,4.86,69,98,3.98,RU,1715421233
282,victorica,-36.2151,-65.4359,4.79,84,20,3.83,AR,1715421234
283,nizhniy odes,63.6445,54.856,0.83,97,99,2.06,RU,1715421234
284,nagqu,31.5,92.0,7.65,8,74,6.71,CN,1715421235
285,pathein,16.7833,94.7333,36.34,39,54,6.08,MM,1715421236
286,derebucak,37.3918,31.5092,9.73,86,99,1.83,TR,1715421237
287,mount gambier,-37.8333,140.7667,14.7,75,98,1.62,AU,1715421234
288,wailua homesteads,22.0669,-159.378,22.24,84,75,3.09,US,1715421238
289,geraldton,-28.7667,114.6,24.23,60,0,4.63,AU,1715421239
290,ar rass,25.8694,43.4973,38.01,17,100,7.43,SA,1715421240
291,camiri,-20.05,-63.5167,18.12,99,100,1.12,BO,1715421241
292,shumikha,55.2261,63.2961,12.34,33,79,8.93,RU,1715421242
293,greenville,35.6127,-77.3663,12.29,96,40,2.57,US,1715421243
294,anisoc,1.8658,10.7689,29.58,69,87,0.58,GQ,1715421244
295,kailua-kona,19.6406,-155.9956,24.98,89,75,6.69,US,1715421245
296,itamaraca,-7.7478,-34.8256,26.03,72,72,2.3,BR,1715421246
297,isangel,-19.55,169.2667,23.15,74,52,5.23,VU,1715421246
298,ulsteinvik,62.3432,5.8487,14.5,73,100,2.68,NO,1715421247
299,imbituba,-28.24,-48.6703,22.7,94,72,1.78,BR,1715421248
300,tulagi,-9.0996,160.1476,28.69,76,99,10.89,SB,1715421249
301,roma,43.2128,-75.4557,10.08,97,100,0.45,US,1715421083
302,lazaro cardenas,17.9583,-102.2,21.88,81,96,1.73,MX,1715421250
303,parras de la fuente,25.4167,-102.1833,19.94,88,40,5.66,MX,1715421251
304,gadzhiyevo,69.2551,33.3362,0.65,92,100,5.53,RU,1715421252
305,dunedin,-45.8742,170.5036,10.45,73,46,3.13,NZ,1715421253
306,tralee,52.2704,-9.7026,18.14,63,0,3.6,IE,1715421254
307,kozarska dubica,45.1767,16.8094,20.06,46,10,2.64,BA,1715421254
308,mhamid,29.82,-5.72,33.03,9,100,6.54,MA,1715421255
309,chonchi,-42.6128,-73.8092,5.07,95,54,0.71,CL,1715421256
310,kentville,45.0835,-64.4988,4.43,99,59,0.51,CA,1715421257
311,uray,60.1247,64.7758,6.6,65,100,7.6,RU,1715421258
312,puerto eldorado,-26.4084,-54.6946,21.01,100,93,0.36,AR,1715421259
313,usinsk,65.9939,57.5281,2.26,82,20,3.58,RU,1715421221
314,touros,-5.1989,-35.4608,26.02,80,97,3.95,BR,1715421261
315,akureyri,65.6835,-18.0878,7.96,81,40,0.0,IS,1715421262
316,loikaw,19.6742,97.2094,33.44,27,68,5.99,MM,1715421263
317,ambovombe,-25.1667,46.0833,28.24,44,0,2.68,MG,1715421264
318,tonghae,37.5439,129.1069,19.72,66,100,4.62,KR,1715421264
319,qamdo,31.1667,97.2333,8.69,33,100,0.13,CN,1715421265
320,flying fish cove,-10.4217,105.6791,27.82,83,100,5.66,CX,1715421266
321,karsun,54.1994,46.9827,10.98,80,99,7.21,RU,1715421267
322,ghanzi,-21.5667,21.7833,28.04,13,1,1.79,BW,1715421268
323,abalak,58.1286,68.5944,11.92,36,60,6.93,RU,1715421268
324,tazovsky,67.4667,78.7,-0.15,99,98,3.73,RU,1715421269
325,el granada,37.5027,-122.4694,16.38,87,100,4.12,US,1715421270
326,celestun,20.8667,-90.4,26.49,81,1,5.27,MX,1715421271
327,la passe,45.5549,-0.8967,24.45,66,1,3.93,FR,1715421272
328,al burayqah,30.4062,19.5739,20.19,64,0,5.01,LY,1715421273
329,north bondi,-33.8824,151.2769,16.94,94,75,5.66,AU,1715421273
330,antonio enes,-16.2325,39.9086,29.92,51,18,3.59,MZ,1715421274
331,kalmunai,7.4167,81.8167,31.09,68,100,4.16,LK,1715421275
332,puerto deseado,-47.7503,-65.8938,3.04,78,96,4.6,AR,1715421276
333,santa maria do suacui,-18.1903,-42.4142,20.76,95,91,0.38,BR,1715421277
334,port douglas,-16.4833,145.4667,23.5,81,11,5.5,AU,1715421278
335,egilsstadir,65.2653,-14.3948,12.95,67,0,5.14,IS,1715421278
336,letlhakeng,-24.0944,25.0298,28.92,13,2,1.77,BW,1715421279
337,eureka,40.8021,-124.1637,12.66,89,0,1.37,US,1715421280
338,kerns,46.9009,8.2765,20.4,62,0,2.57,CH,1715421281
339,ketchikan,55.3422,-131.6461,6.99,93,0,3.09,US,1715421270
340,balsas,-7.5325,-46.0356,21.62,61,91,1.72,BR,1715421283
341,constantia,44.1833,28.65,22.61,50,27,4.78,RO,1715421283
342,san fernando,15.0286,120.6898,32.85,45,76,4.55,PH,1715421284
343,kantagi,43.5264,68.5775,18.23,56,82,5.09,KZ,1715421285
344,portland,45.5234,-122.6762,18.16,74,0,1.54,US,1715420970
345,brisas de zicatela,15.8369,-97.0419,25.29,67,100,1.78,MX,1715421287
346,coron,11.9986,120.2043,29.21,65,61,2.2,PH,1715421288
347,ad dabbah,18.05,30.95,41.86,4,21,2.24,SD,1715421288
348,korsakov,46.6328,142.7813,6.91,78,100,5.42,RU,1715421289
349,yangirabot,40.0254,65.961,21.48,40,78,2.2,UZ,1715421290
350,tirumullaivasal,11.2333,79.8333,34.07,53,56,5.9,IN,1715421291
351,nova sintra,14.8667,-24.7167,23.78,77,67,10.9,CV,1715421292
352,codrington,-38.2667,141.9667,12.95,83,68,3.65,AU,1715421293
353,negotino,41.4839,22.0892,18.73,48,32,2.63,MK,1715421081
354,alofi,-19.0595,-169.9187,23.94,69,20,4.12,NU,1715421294
355,faya-largeau,17.9257,19.1043,40.02,10,7,9.04,TD,1715421295
356,swakopmund,-22.6833,14.5333,21.47,74,1,3.13,NA,1715421296
357,newman,37.3138,-121.0208,19.42,68,0,0.45,US,1715421263
358,kenai,60.5544,-151.2583,5.64,66,75,7.2,US,1715421298
359,ilheus,-14.7889,-39.0494,24.66,90,97,3.02,BR,1715421298
360,howrah,22.5892,88.3103,27.0,78,75,5.14,IN,1715421299
361,acapulco de juarez,16.8634,-99.8901,21.78,76,53,0.98,MX,1715421300
362,valle de la pascua,9.2155,-66.0073,24.75,86,98,1.57,VE,1715421301
363,lapai,9.05,6.5667,35.49,43,57,2.31,NG,1715421302
364,kununurra,-15.7667,128.7333,28.99,54,5,2.57,AU,1715421302
365,punta de bombon,-17.1717,-71.7931,18.19,85,77,4.32,PE,1715421303
366,gamba,-2.65,10.0,29.43,73,86,3.34,GA,1715421304
367,moyale,3.5167,39.0584,23.55,70,95,2.37,KE,1715421305
368,mitu,1.1983,-70.1733,21.61,99,97,0.5,CO,1715421306
369,pokrovsk,48.282,37.1758,19.14,37,22,4.65,UA,1715421307
370,la peca,-5.6111,-78.435,19.76,94,88,0.44,PE,1715421309
371,ormond-by-the-sea,29.3491,-81.0665,24.05,89,0,2.06,US,1715421309
372,weno,7.4515,151.8468,28.97,79,40,3.09,FM,1715421310
373,kavieng,-2.5744,150.7967,28.73,75,99,2.81,PG,1715421311
374,mora,11.0461,14.1401,40.67,14,4,3.35,CM,1715421312
375,salahonda,2.1019,-78.7217,26.35,89,100,5.61,CO,1715421313
376,kavaratti,10.5669,72.642,30.16,72,49,4.0,IN,1715421314
377,saldanha,-33.0117,17.9442,18.03,56,5,2.67,ZA,1715421315
378,puerto baquerizo moreno,-0.9,-89.6,22.62,92,94,3.21,EC,1715421316
379,baiyin,36.5583,104.2081,21.57,22,29,3.71,CN,1715421317
380,tidjikja,18.5564,-11.4271,37.56,9,90,9.64,MR,1715421318
381,aripuana,-9.1667,-60.6333,24.46,77,96,0.06,BR,1715421319
382,mazowe,-17.504,30.9739,28.93,27,0,1.8,ZW,1715421320
383,madalena,41.2162,-8.3345,20.3,75,0,1.5,PT,1715421320
384,sechura,-5.5569,-80.8222,20.09,82,71,4.81,PE,1715421321
385,quellon,-43.1167,-73.6167,5.26,80,10,0.95,CL,1715421322
386,kanggye,40.9695,126.5852,13.28,73,78,3.33,KP,1715421323
387,rancho palos verdes,33.7445,-118.387,16.11,94,79,0.45,US,1715421324
388,kindu,-2.95,25.95,30.01,58,100,1.23,CD,1715421325
389,ola,59.5833,151.2833,3.41,83,84,1.96,RU,1715421325
390,goz beida,13.95,20.55,42.46,7,100,3.95,TD,1715421326
391,assai,-23.3733,-50.8414,20.92,70,63,1.08,BR,1715421327
392,penalva,-3.2942,-45.1736,24.18,97,100,0.25,BR,1715421328
393,navia,43.5354,-6.7194,22.19,54,11,1.68,ES,1715421329
394,rio grande,-32.035,-52.0986,17.34,92,100,4.22,BR,1715421330
395,newberry,34.2746,-81.6187,12.77,85,0,2.18,US,1715421330
396,kapuskasing,49.4169,-82.4331,8.05,61,75,3.09,CA,1715421331
397,dudinka,69.4058,86.1778,-4.62,82,100,4.47,RU,1715421332
398,ocean shores,46.9737,-124.1563,12.75,93,0,1.54,US,1715421039
399,puerto san jose,13.9256,-90.8244,27.87,77,100,2.93,GT,1715421334
400,ambon,-3.6954,128.1814,28.82,95,40,0.51,ID,1715421335
401,brak,27.5496,14.2714,25.65,30,4,2.58,LY,1715421335
402,namsos,64.4662,11.4957,9.03,81,100,1.95,NO,1715421336
403,oros,-6.2444,-38.9136,23.23,65,100,0.85,BR,1715421337
404,shiraz,29.6036,52.5388,27.69,18,0,3.09,IR,1715421338
405,nahiyat al fuhud,30.9697,46.7228,38.86,9,4,1.0,IQ,1715421339
406,preobrazheniye,42.9019,133.9064,7.94,99,79,3.41,RU,1715421340
407,novaya ladoga,60.1025,32.3019,2.29,81,100,8.03,RU,1715421341
408,kralendijk,12.15,-68.2667,27.99,83,75,6.17,BQ,1715421341
409,el sauzal de rodriguez,31.9,-116.6833,15.23,73,5,1.76,MX,1715421342
410,puerto carreno,6.189,-67.4859,24.17,89,100,1.29,CO,1715421343
411,ulaangom,49.9811,92.0667,21.94,22,70,3.59,MN,1715421344
412,anapolis,-16.3267,-48.9528,26.78,47,0,2.06,BR,1715421345
413,dawson creek,55.7666,-120.2362,8.8,43,100,4.12,CA,1715421346
414,taro,-8.3862,115.28,24.0,93,100,0.68,ID,1715421347
415,coolum beach,-26.5333,153.1,19.5,96,84,0.97,AU,1715421347
416,lensk,60.7253,114.9278,9.94,34,95,1.12,RU,1715421348
417,la sarre,48.8002,-79.1996,5.56,72,79,1.96,CA,1715421349
418,lorengau,-2.0226,147.2712,26.7,85,100,2.74,PG,1715421350
419,rongelap,11.1635,166.8941,27.28,82,100,7.1,MH,1715421351
420,midvagur,62.0511,-7.1939,10.46,100,100,7.2,FO,1715421351
421,miles city,46.4083,-105.8406,8.54,93,0,4.12,US,1715421352
422,nongpoh,25.9,91.8833,29.76,48,47,1.61,IN,1715421353
423,khanbari,27.3747,87.2039,29.93,45,61,2.63,NP,1715421354
424,juneau,58.3019,-134.4197,3.95,97,20,0.0,US,1715421270
425,waimea,20.0231,-155.6717,17.78,99,28,1.64,US,1715421356
426,naze,28.3667,129.4833,22.51,83,100,4.34,JP,1715421356
427,hilo,19.7297,-155.09,22.93,99,40,0.0,US,1715421357
428,leava,-14.3,-178.1667,27.9,67,42,9.32,WF,1715421358
429,hami,42.8,93.45,33.14,6,4,2.42,CN,1715421359
430,freetown,8.484,-13.2299,25.84,89,75,3.09,SL,1715421360
431,cavalaire-sur-mer,43.174,6.5272,25.86,65,2,4.96,FR,1715421360
432,griffith,41.5284,-87.4237,10.96,95,100,2.57,US,1715421361
433,muhlhausen,51.2167,10.45,22.63,61,100,2.34,DE,1715421362
434,yokadouma,3.5167,15.05,34.88,41,46,1.57,CM,1715421363
435,recife,-8.0539,-34.8811,26.02,89,0,1.54,BR,1715421364
436,prainha,-1.8,-53.48,23.77,98,100,1.02,BR,1715421365
437,chernyshevskiy,63.0128,112.4714,1.37,78,100,2.96,RU,1715421365
438,parry sound,45.3501,-80.033,8.03,81,53,2.63,CA,1715421366
439,khovd,48.0056,91.6419,25.9,11,6,3.62,MN,1715421367
440,twentynine palms,34.1356,-116.0542,20.14,28,0,1.79,US,1715421368
441,argo,37.6333,22.7333,21.68,42,42,5.48,GR,1715421369
442,stanley,54.868,-1.6985,19.18,74,35,5.3,GB,1715421370
443,amalfi,6.9102,-75.0776,15.15,97,100,0.89,CO,1715421370
444,i-n-salah,27.1935,2.4607,30.85,12,68,7.95,DZ,1715421371
445,mount pearl,47.5166,-52.7813,1.09,97,100,6.17,CA,1715421372
446,zhosaly,45.4878,64.0781,22.97,13,5,3.77,KZ,1715421373
447,chandler,33.3062,-111.8412,23.82,23,0,3.09,US,1715421360
448,tindouf,27.6711,-8.1474,31.31,19,7,2.16,DZ,1715421374
449,yaren,-0.5472,166.916,29.04,64,88,1.37,NR,1715421376
450,antsiranana,-12.2787,49.2917,30.42,58,75,6.17,MG,1715421377
451,sirte,31.2089,16.5887,20.77,59,0,4.66,LY,1715421378
452,san juan de miraflores,-12.1629,-76.9635,18.98,84,100,1.73,PE,1715421379
453,businga,3.3333,20.8833,36.74,35,73,1.98,CD,1715421380
454,misratah,32.3754,15.0925,21.15,62,1,5.31,LY,1715421381
455,yantarnyy,54.8717,19.9381,10.92,58,100,3.79,RU,1715421381
456,mar del plata,-38.0023,-57.5575,12.27,79,0,7.6,AR,1715421382
457,hailar,49.2,119.7,13.16,26,40,7.09,CN,1715421383
458,jenzan,36.2408,128.2975,23.81,56,75,1.03,KR,1715421384
459,savanna-la-mar,18.219,-78.1332,26.97,93,24,1.42,JM,1715421385
460,three points,32.0767,-111.3137,19.49,22,0,2.24,US,1715421385
461,ternate,0.8,127.4,28.19,76,13,1.24,ID,1715421386
462,lukolela,-1.0605,17.1821,32.71,48,91,1.82,CD,1715421387
463,agadez,19.75,10.25,34.23,14,38,5.28,NE,1715421388
464,ulanhot,46.0833,122.0833,9.83,61,93,9.84,CN,1715421389
465,camana,-16.6228,-72.7111,17.88,93,73,4.55,PE,1715421390
466,khandyga,62.6667,135.6,3.34,62,99,1.46,RU,1715421391
467,murghob,38.1702,73.9667,9.51,36,100,5.18,TJ,1715421392
468,kill devil hills,36.0307,-75.676,13.32,80,100,7.2,US,1715421392
469,chos malal,-37.3781,-70.2709,3.11,75,40,1.09,AR,1715421393
470,kuta,-8.7233,115.1723,27.97,83,20,7.72,ID,1715421394
471,luwingu,-10.2621,29.9271,26.53,48,1,2.62,ZM,1715421395
472,vadso,70.0744,29.7487,5.09,65,20,3.6,NO,1715421396
473,mizan teferi,6.9833,35.5833,30.59,33,8,0.61,ET,1715421397
474,palo alto,37.4419,-122.143,17.05,82,0,2.06,US,1715421353
475,kiunga,-6.1219,141.2906,24.55,98,97,1.29,PG,1715421398
476,tenosique,17.4833,-91.4333,27.23,67,66,2.74,MX,1715421399
477,punta del este,-34.9667,-54.95,14.37,89,0,2.24,UY,1715421400
478,rawson,-43.3002,-65.1023,8.17,60,84,4.33,AR,1715421401
479,chulym,55.0997,80.9572,14.94,41,100,5.76,RU,1715421402
480,dombarovskiy,50.7587,59.5386,14.44,30,6,6.71,RU,1715421402
481,porto novo,6.4965,2.6036,31.9,56,34,4.08,BJ,1715421403
482,carutapera,-1.195,-46.02,25.11,93,93,2.03,BR,1715421404
483,ujae,8.9322,165.7642,27.05,84,100,4.85,MH,1715421406
484,hadibu,12.65,54.0333,31.15,63,88,2.11,YE,1715421406
485,daru,-9.0763,143.2092,26.51,87,92,5.89,PG,1715421407
486,arish,31.1316,33.7984,28.1,32,95,2.57,EG,1715421408
487,chinchilla,-26.75,150.6333,18.34,96,100,0.45,AU,1715421409
488,gimbi,9.1667,35.8333,29.94,17,25,3.18,ET,1715421410
489,caleta de carquin,-11.0925,-77.6267,18.17,92,74,3.39,PE,1715421411
490,dubbo,-32.25,148.6167,14.07,88,75,3.09,AU,1715421305
491,ceerigaabo,10.6162,47.368,25.82,42,41,3.63,SO,1715421412
492,seven pagodas,12.6264,80.1722,35.05,61,77,6.33,IN,1715421413
493,kamaishi,39.2667,141.8833,15.08,81,62,4.44,JP,1715421414
494,flin flon,54.7682,-101.865,8.68,90,63,2.33,CA,1715421415
495,ixtapa,20.7,-105.2,22.9,83,43,0.95,MX,1715421415
496,loreto,22.2667,-101.9667,18.25,52,4,1.66,MX,1715421416
497,camanducaia,-22.7553,-46.1447,15.69,80,85,2.04,BR,1715421417
498,stornoway,58.2093,-6.3865,16.69,76,0,3.09,GB,1715421418
499,zaozersk,69.4005,32.4476,0.72,96,100,4.63,RU,1715421419
500,rio brilhante,-21.8019,-54.5464,19.36,60,23,1.94,BR,1715421420
501,karratha,-20.7377,116.8463,26.97,40,97,2.71,AU,1715421421
502,new plymouth,-39.0667,174.0833,9.89,63,0,1.82,NZ,1715421162
503,dakhla,23.6848,-15.958,20.01,77,40,10.29,EH,1715421422
504,beidao,34.5686,105.8933,23.84,29,81,2.19,CN,1715421423
505,zeya,53.75,127.2667,15.83,28,100,5.03,RU,1715421424
506,noshiro,40.2039,140.0242,19.46,73,98,2.5,JP,1715421425
507,iskateley,67.6803,53.1512,-0.2,96,100,4.0,RU,1715421426
508,nuuk,64.1835,-51.7216,-2.29,86,38,1.34,GL,1715421426
509,defuniak springs,30.721,-86.1152,20.08,77,0,2.06,US,1715421393
510,araguaina,-7.1911,-48.2072,24.05,77,100,2.15,BR,1715421428
511,fuxin,42.0156,121.6589,16.86,40,84,7.4,CN,1715421429
512,elkhorn,42.6728,-88.5445,10.08,86,0,5.14,US,1715421135
513,nagod,24.5667,80.6,41.47,14,31,6.02,IN,1715421430
514,crane,31.3974,-102.3501,17.22,73,65,6.74,US,1715421431
515,funafuti,-8.5243,179.1942,29.0,94,75,0.0,TV,1715421432
516,khonsa,27.0167,95.5667,26.31,66,89,1.11,IN,1715421433
517,ataq,14.5377,46.8319,30.88,35,59,3.93,YE,1715421434
518,robertsport,6.7533,-11.3686,29.36,75,30,2.69,LR,1715421435
519,heek,52.1167,7.1,21.29,64,96,3.41,DE,1715421436
520,whangarei,-35.7317,174.3239,7.11,91,0,0.86,NZ,1715421436
521,nyurba,63.2842,118.3319,3.12,47,98,1.4,RU,1715421437
522,port washington,40.8257,-73.6982,9.36,95,64,2.87,US,1715421438
523,kerikeri,-35.2268,173.9474,5.51,89,0,1.61,NZ,1715421439
524,kupang,-10.1667,123.5833,30.32,84,20,6.17,ID,1715421440
525,nuriootpa,-34.4833,139.0,13.61,80,74,1.57,AU,1715421441
526,holualoa,19.6228,-155.9522,22.91,90,75,6.69,US,1715421441
527,el calafate,-50.3408,-72.2768,-1.2,64,31,2.09,AR,1715421442
528,khlung,12.4547,102.2214,33.54,71,97,1.4,TH,1715421443
529,santo antonio,-6.3106,-35.4789,24.55,84,100,3.51,BR,1715421444
530,kapsabet,0.2039,35.105,23.75,41,27,1.54,KE,1715421445
531,oroqen zizhiqi,50.5667,123.7167,9.0,54,100,2.09,CN,1715421445
532,castillos,-34.1667,-53.8333,10.97,91,89,2.03,UY,1715421446
533,jayapura,-2.5333,140.7,26.66,90,91,2.31,ID,1715421447
534,miramichi,47.0043,-65.4654,2.43,92,5,0.98,CA,1715421448
535,xianyang,34.3378,108.7026,26.58,22,0,4.0,CN,1715421449
536,cova figueira,14.8905,-24.2934,20.16,67,59,4.34,CV,1715421449
537,bride,54.3826,-4.3892,14.74,86,100,4.32,IM,1715421450
538,mount pleasant,32.7941,-79.8626,16.67,76,0,5.14,US,1715421451
539,inda silase,14.1031,38.2829,31.07,23,100,4.57,ET,1715421452
540,chiras,35.4167,65.9823,7.79,66,31,5.22,AF,1715421453
541,timimoun,29.2639,0.231,32.21,10,0,7.2,DZ,1715421454
542,remire-montjoly,4.9167,-52.2667,24.02,100,75,0.0,GF,1715421455
543,ajdabiya,30.7554,20.2263,22.2,52,0,6.48,LY,1715421456
544,forster,-32.1667,152.5167,16.83,100,100,3.82,AU,1715421457
545,jerome,42.7241,-114.5186,9.71,61,0,1.54,US,1715421458
546,bundaberg,-24.85,152.35,19.56,95,54,2.54,AU,1715421459
547,tarko-sale,64.9225,77.785,2.47,94,56,5.56,RU,1715421459
548,camacupa,-12.0167,17.4833,24.76,35,3,2.35,AO,1715421460
549,kawambwa,-9.7915,29.0791,27.5,45,0,1.9,ZM,1715421461
550,cacheu,12.2706,-16.1658,28.05,35,72,2.36,GW,1715421462
551,nogliki,51.8333,143.1667,3.15,75,94,4.12,RU,1715421463
552,arbelaez,4.2725,-74.4151,18.06,83,92,2.77,CO,1715421464
553,lamu,-2.2717,40.902,28.39,74,99,7.36,KE,1715421464
554,nizhneudinsk,54.9076,99.0276,20.86,49,100,2.65,RU,1715421465
555,coyuca de catalan,18.3333,-100.65,26.26,45,87,1.5,MX,1715421466
556,walvis bay,-22.9575,14.5053,21.53,56,0,1.54,NA,1715421467
557,namdrik,5.5994,168.1028,28.66,76,92,4.66,MH,1715421468
558,gizo,-8.103,156.8419,27.93,83,99,7.17,SB,1715421470
559,esperanza,19.5847,-70.9849,25.32,97,14,2.43,DO,1715421471
560,vila do maio,15.1333,-23.2167,25.44,76,56,8.46,CV,1715421472
561,ciudad tecun uman,14.6667,-92.15,26.35,78,100,2.03,GT,1715421473
562,mormugao,15.4,73.8,31.59,66,40,7.2,IN,1715421473
563,tabuk,17.4189,121.4443,28.91,71,100,1.11,PH,1715421474
564,zaraza,9.3503,-65.3245,27.0,73,96,0.77,VE,1715421475
565,saint-pierre,-21.3393,55.4781,28.82,58,0,10.29,RE,1715421476
566,sturgeon bay,44.8342,-87.377,9.2,93,100,7.72,US,1715421390
567,phalaborwa,-23.943,31.1411,32.91,12,0,1.96,ZA,1715421477
568,saint-girons,42.9167,1.1667,21.24,36,6,1.57,FR,1715421478
